Id,TagName,Count,ExcerptPostId,WikiPostId
2,sola-scriptura,45,4216,4215
3,protestantism,478,680,679
4,emergent,4,,
7,judaism,126,3047,3046
8,sabbath,59,2513,2512
11,righteousness,16,,
13,new-testament,189,1523,1522
14,prayer,277,416,415
16,virgin-mary,273,1179,1178
17,trinity,377,425,424
18,mosaic-law,146,972,971
19,bible,538,180,179
21,literalism,39,5721,5720
22,history,465,184,183
23,faith,150,574,573
24,works,33,5731,5730
25,grace,61,5755,5754
27,purpose,11,,
28,wine,13,,
29,alcohol,12,762,761
31,total-depravity,26,42442,42441
35,leviticus,41,11810,11809
42,sin,418,187,186
43,ten-commandments,66,1146,1145
44,war,28,,
45,killing,17,42965,42964
47,daniel,46,11822,11821
48,christophany,4,,
49,christmas,62,4588,4587
51,tradition,188,5713,5712
52,diet,77,43085,43084
54,unconditional-election,18,43328,43327
55,nature-of-god,519,2705,2704
58,martin-luther,121,683,682
59,lutheranism,89,3057,3056
60,translation,55,3041,3040
61,genesis,357,420,419
63,creation,218,157,156
64,divinity,16,,
66,ministry,16,,
68,women,61,5727,5726
73,baptism,248,409,408
74,worship,101,1174,1173
77,music,61,11745,11744
78,eternal-life,29,5743,5742
81,reborn,4,,
84,marriage,271,2048,2047
85,hate,7,43199,43198
86,love,82,5551,5550
88,hebrew,40,14798,14797
89,polygamy,17,14792,14791
90,evolution,36,3045,3044
91,capital-punishment,25,43083,43082
92,justice,31,30314,30313
94,lds,471,1352,1351
96,hell,175,975,974
97,heaven,251,673,672
98,afterlife,89,5715,5714
101,gospel-of-matthew,307,2046,2045
102,sexuality,114,4218,4217
105,saint,105,6257,6256
107,canon,119,4499,4498
108,souls,77,11917,11916
110,satan,212,422,421
112,ecumenism,22,6285,6284
116,intelligent-design,5,3266,3265
119,predestination,103,1525,1524
122,easter,56,6950,6949
124,meditation,16,43087,43086
125,prophets,61,6348,6347
127,revelation,169,3049,3048
128,fasting,46,6283,6282
130,sacraments,99,7777,7776
131,biblical-basis,910,1871,1870
134,kjv,68,959,958
135,bible-translation,208,2729,2728
138,cross,50,5497,5496
139,early-church,243,5723,5722
140,name-of-jesus,44,5719,5718
141,apocrypha,42,6240,6239
142,contraception,22,30354,30353
143,apologetics,112,515,514
146,exegesis,1258,343,342
147,suffering,43,11835,11834
149,children,48,6269,6268
151,perpetual-virginity,30,11806,11805
154,rapture,36,6246,6245
155,john-the-baptist,50,14794,14793
156,elijah,22,42433,42432
157,divorce,41,43007,43006
162,atheism,40,765,764
166,catholicism,2992,678,677
167,nicene-creed,44,42427,42426
168,science,65,2332,2331
170,eschatology,275,3037,3036
172,pentecost,14,11804,11803
174,charismatic,29,43009,43008
175,miracles,95,5717,5716
177,healing,28,400,399
184,slavery,25,6249,6248
188,movements,6,,
189,word-study,28,43120,43119
190,sanctification,30,6251,6250
192,wesley,15,6350,6349
193,islam,69,6253,6252
194,old-testament,266,676,675
199,parables,49,5555,5554
200,greek,66,42437,42436
203,baptist,67,5739,5738
204,division,6,,
212,gospels,174,5737,5736
214,temptation,35,19854,19853
219,boasting,1,45376,45375
220,forgiveness,78,2687,2686
221,acts,115,4598,4597
222,glory,10,,
223,praise,6,,
226,prophecy,181,4858,4857
228,evangelism,49,3055,3054
229,disciple,35,6259,6258
230,john-apostle,28,879,878
232,torah,28,1773,1772
233,documentary-hypothesis,4,,
235,moses,68,3043,3042
237,noah,19,30238,30237
239,resurrection,73,6255,6254
240,christology,354,4590,4589
241,flood-of-noah,68,1356,1355
243,communion,247,3633,3632
248,indulgence,20,43649,43648
250,purgatory,39,13905,13904
251,tithe,30,7785,7784
252,obedience,14,5751,5750
258,honor,4,,
259,practice,18,6242,6241
264,art,70,11786,11785
269,abortion,28,6231,6230
270,ethics,60,4312,4311
272,intercession,15,5741,5740
273,judas-iscariot,31,11773,11772
274,suicide,12,,
275,death,107,6263,6262
276,methodist,29,30350,30349
278,cursing,6,,
280,archaeology,34,11798,11797
284,phrase,19,,
288,reformation,67,3053,3052
290,applications,5,,
296,sacrifice,65,13936,13935
299,family,13,,
300,calendar,28,,
303,church-discipline,23,6213,6212
306,devotion,10,,
310,numerology,18,4594,4593
313,anger,7,11794,11793
314,symbolism,87,12338,12337
316,gospel-of-john,239,2515,2514
319,psalms,46,42435,42434
320,pastoral-care,7,,
323,gospel-of-luke,197,16156,16155
325,crucifixion,146,948,947
327,doubt,24,5729,5728
328,gospel-of-mark,81,11820,11819
329,textual-criticism,44,42673,42672
330,manuscript,38,43013,43012
334,personalism,3,,
336,earth,16,,
338,legend,10,,
339,natural-disasters,3,,
341,golden-rule,4,43851,43850
343,nature-of-man,150,5757,5756
351,gentile,19,11818,11817
355,rosary,32,11856,11855
356,free-will,103,1520,1519
357,inerrancy,39,4314,4313
360,relationships,20,,
362,demons,98,6265,6264
363,sodom,7,42976,42975
366,david,51,11824,11823
367,morality,123,2436,2435
368,abraham,57,5557,5556
372,apostles-creed,21,42452,42451
375,angels,151,4273,4272
381,adam,39,4596,4595
382,reconciliation,16,2689,2688
384,original-sin,116,4992,4991
387,tetragrammaton,35,4091,4090
390,religious-practice,102,19894,19893
391,timothy,4,43855,43854
394,commandments,30,,
395,culture,65,6389,6388
396,adam-and-eve,122,5553,5552
397,ezekiel,26,42446,42445
398,natural-law,25,11747,11746
400,language,51,11755,11754
402,logic,19,11890,11889
403,missions,41,25831,25830
406,parenting,14,,
407,lifestyle,11,,
409,genealogy,38,30348,30347
413,kingdom-of-god,23,,
416,belief,45,6273,6272
417,divination,6,,
419,origin,140,44830,44829
421,mysticism,21,19687,19686
428,relics,27,14802,14801
430,christian-living,187,5711,5710
438,exodus,102,7779,7778
439,circumcision,20,16509,16508
441,politics,34,5753,5752
442,political-correctness,5,,
443,ex-cathedra,12,,
445,job,29,6393,6392
448,good-and-evil,65,8124,8123
453,septuagint,23,11841,11840
454,textual-discrepancies,138,3039,3038
457,monasticism,24,11847,11846
459,church-fathers,197,2366,2365
460,hebrews,70,7788,7787
461,authorship,48,25829,25828
463,conversion,48,5733,5732
464,proselytizing,7,,
465,books,29,5725,5724
466,justification,45,5747,5746
469,enoch,7,43201,43200
470,doctrine-and-covenants,26,9997,9996
472,church-local,93,2453,2452
473,church-universal,24,2455,2454
474,holy-orders,9,,
475,apostolic-succession,32,5495,5494
477,blasphemy,19,14800,14799
482,wisdom,21,7819,7818
489,theophany,20,2669,2668
490,holidays,25,,
491,celebrations,8,,
507,cs-lewis,42,3270,3269
508,society,11,,
512,spiritual-gifts,52,6281,6280
518,fate,3,,
520,apostles,84,6261,6260
521,mental-illness,14,,
522,old-earth-creation,24,3200,3199
523,messiah,51,3262,3261
526,young-earth-creation,70,3198,3197
527,papal-infallibility,25,3252,3251
530,human-body,24,42444,42443
531,methuselah,3,3196,3195
532,sunday,14,3192,3191
537,dead-sea-scrolls,6,3246,3245
538,protestant-bible,24,3248,3247
539,deuterocanonical-books,22,3194,3193
540,copyright,14,42970,42969
541,self-defense,5,,
543,burial,9,3256,3255
545,fall-of-man,61,3264,3263
548,intervention,2,,
551,religious-education,29,30346,30345
553,spiritual-warfare,13,,
554,wealth,10,,
558,homosexuality,62,6267,6266
559,violence,19,43203,43202
561,passover,23,11849,11848
562,catholic-catechism,76,11826,11825
568,jehovahs-witnesses,222,3350,3349
572,infallibility,31,6346,6345
573,covenants,41,54154,54153
577,galatians,32,42448,42447
578,oaths,7,,
584,spirituality,31,11749,11748
585,arminianism,37,3565,3564
586,mass,113,11814,11813
587,incarnation,63,11839,11838
588,genuflection,2,19189,19188
589,authority,43,54156,54155
590,faith-healing,5,,
591,israel,85,5735,5734
594,superstition,4,,
597,eden,24,12089,12088
601,twelve-apostle,3,,
602,omnibenevolence,6,,
605,soteriology,475,3887,3886
608,communion-of-saints,21,30356,30355
610,freemasonry,11,30358,30357
611,inspiration,37,11837,11836
613,perfection,16,45424,45423
616,theological-frameworks,13,,
624,esv,6,42549,42548
629,jacob,25,5499,5498
631,isaiah,58,42667,42666
633,priesthood,102,6391,6390
637,pneumatology,181,4222,4221
640,law-and-gospel,36,11781,11780
641,omniscience,29,7781,7780
643,united-kingdom,7,43330,43329
647,evangelical-counsel,4,5547,5546
649,solomon,25,42440,42439
652,sola-fide,37,4592,4591
655,signs-of-the-times,7,,
657,jonah,11,42482,42481
660,filioque,9,42488,42487
666,biology,6,,
667,book-of-mormon,60,11769,11768
681,charity,18,,
682,clergy,37,75804,75803
690,liturgy,129,7783,7782
691,eastern-orthodox,343,11753,11752
696,reformed-theology,379,9652,9651
697,npp,7,16520,16519
699,paul-apostle,169,4708,4707
701,mariology,37,11802,11801
702,mediator,5,,
703,southern-baptist,15,42425,42424
704,speaking-in-tongues,22,54385,54384
705,universal-priesthood,7,43395,43394
707,presbyterianism,46,25825,25824
718,confession,85,11775,11774
719,infants,33,75797,75796
721,hymns,52,6244,6243
726,fundamentalism,15,43122,43121
727,euthanasia,3,,
734,divine-law,10,11779,11778
735,heresy,104,9650,9649
742,pagan,16,,
743,global-christianity,47,12085,12084
744,sermon-on-the-mount,14,42486,42485
749,terminology,286,11765,11764
750,regeneration,15,43340,43339
753,ascension,15,19892,19891
758,ecumenical-council,36,5549,5548
760,anglicanism,92,6235,6234
763,blessings,32,,
764,godparents,13,43126,43125
769,church-building,10,25823,25822
774,epistemology,16,6271,6270
776,anointing-of-the-sick,9,11796,11795
777,matthew,16,42305,42304
779,comparative-christianity,110,11771,11770
780,philosophy,72,13909,13908
782,gods,5,14825,14824
783,papacy,188,14111,14110
786,lent,29,11812,11811
791,spirit,50,7790,7789
798,religion,17,,
800,christian-identity,16,34867,34866
802,romans,86,11800,11799
804,numbers,25,9646,9645
807,joseph-husband-of-mary,32,6381,6380
808,evangelicalism,83,6395,6394
809,inter-faith,10,,
821,reference-request,172,9838,9837
824,murder,13,17452,17451
825,martyrdom,21,43124,43123
828,extra-biblical,40,34632,34631
829,lot,6,16524,16523
831,idolatry,45,15012,15011
835,gender,38,43540,43539
837,leadership,19,,
839,foreshadowing,5,,
840,preaching,26,11808,11807
841,barabbas,3,75965,75964
843,ecclesiology,63,30308,30307
844,regulative-principle,6,7619,7618
846,omnipotence,20,19852,19851
849,atonement,77,30344,30343
851,peter,54,7524,7523
862,ritual,16,,
864,luke,16,35344,35343
865,crusades,15,30246,30245
866,jerusalem,12,43288,43287
868,immaculate-conception,35,28563,28562
871,gospel,15,14796,14795
873,church-offices,3,,
884,esau,3,43462,43461
887,money,43,11784,11783
892,constantine,10,14829,14828
897,bible-commentary,15,,
900,cain,23,11858,11857
901,puritanism,7,43326,43325
917,proverbs,24,11845,11844
920,born-again,12,8290,8289
921,arianism,21,30269,30268
922,pearl-of-great-price,10,8586,8585
924,joseph-smith,23,17491,17490
925,scriptures,69,14827,14826
929,calvin,50,38881,38880
930,tribulation,15,43302,43301
937,transubstantiation,45,42431,42430
940,parents,5,45426,45425
946,aw-tozer,2,16526,16525
947,society-of-friends,4,9063,9062
951,lords-prayer,27,30352,30351
955,persecution,30,,
960,didache,10,42639,42638
962,temple,47,42669,42668
966,st-thomas-aquinas,63,11843,11842
967,blood-of-christ,10,,
971,creeds-and-confessions,50,30312,30311
981,iconoclasm,3,75959,75958
983,church-polity,6,,
985,theodicy,25,42474,42473
987,biblical-reliability,27,9937,9936
988,covenant-theology,20,43525,43524
989,annihilationism,12,16513,16512
990,vestments,14,,
991,cessationism,14,37140,37139
992,joseph,20,17035,17034
994,church-structure,4,,
996,universalism,22,43332,43331
998,comparative-religion,43,35228,35227
1004,song-of-songs,7,43342,43341
1005,summa-theologica,16,16511,16510
1009,church-history,656,12340,12339
1016,church-of-england,26,42740,42739
1017,spiritual-growth,3,,
1018,priests,45,30310,30309
1019,determinism,5,30318,30317
1020,will-of-god,57,,
1023,nwt,9,14599,14598
1024,iconography,30,75955,75954
1027,calling,7,,
1031,archetype,4,12253,12252
1032,ark-of-the-covenant,13,30360,30359
1038,christian-literature,26,12386,12385
1041,timetable,6,,
1043,adultery,24,43011,43010
1045,g-k-chesterton,8,16504,16503
1048,united-states,42,75770,75769
1050,augustine,54,14029,14028
1051,tolstoy,2,42709,42708
1055,discernment,8,13749,13748
1056,religious-orders,19,13803,13802
1060,jerome,5,42679,42678
1061,latin-vulgate,9,42641,42640
1064,monotheism,19,42583,42582
1067,pentecostalism,54,14071,14070
1070,jews,44,14783,14782
1078,hypostatic-union,45,16507,16506
1079,canon-law,105,27504,27503
1080,dispensationalism,31,42476,42475
1084,sect,9,,
1085,bishops,29,30362,30361
1090,world-youth-day,2,,
1096,youth,4,,
1098,theistic-evolution,17,15093,15092
1108,humanity,17,,
1120,catholic-bible,24,42450,42449
1122,elders,12,42530,42529
1125,scots-confession,2,42706,42705
1126,westminster-confession,21,28503,28502
1128,transfiguration,8,42547,42546
1131,time,19,42282,42281
1132,celibacy,13,16522,16521
1134,catechumenate,10,43849,43848
1138,veneration,16,,
1139,rome,15,43337,43336
1141,john-of-damascus,3,42655,42654
1142,foreknowledge,12,,
1145,metaphysics,10,,
1151,aramaic,12,43284,43283
1153,great-commission,11,42478,42477
1156,infinity,4,,
1159,law,40,,
1161,1-peter,19,42585,42584
1162,typology,13,27707,27706
1169,weapons,4,,
1179,general-revelation,9,42974,42973
1180,special-revelation,30,34634,34633
1182,mennonite,4,42594,42593
1184,amish,7,42635,42634
1185,historic-customs,35,72315,72314
1186,thief-on-the-cross,7,,
1188,catechism,9,,
1192,christian-psychology,12,,
1201,non-denominational,10,45422,45421
1202,perseverance-of-saints,22,42742,42741
1203,sovereignty,19,30054,30053
1214,evangelical-free,3,,
1217,new-earth,21,42963,42962
1218,reformed-baptist,8,18197,18196
1224,historical-criticism,16,68762,68761
1227,reincarnation,14,42502,42501
1230,seventh-day-adventists,29,31878,31877
1234,membership,12,,
1235,gnosticism,15,42506,42505
1236,rastafarian,3,42930,42929
1238,gambling,6,,
1239,funeral,9,19896,19895
1240,hyperdispensationalism,3,,
1246,architecture,10,,
1249,seminary,9,,
1251,guardian-angels,16,19675,19674
1261,schism,30,43528,43527
1264,christianity-in-india,17,20335,20334
1270,incest,10,59883,59882
1273,willow-creek,2,22976,22975
1275,annulment,27,,
1278,immortality,19,43306,43305
1279,non-christians,26,45420,45419
1281,liturgy-of-the-hours,22,30240,30239
1284,intercession-of-saints,34,27506,27505
1287,society-of-sacred-heart,1,30234,30233
1291,community-of-christ,6,24168,24167
1294,1-samuel,21,42468,42467
1295,2-samuel,15,42470,42469
1296,plato,5,42840,42839
1301,polytheism,10,,
1304,vodou,1,24847,24846
1305,syncretism,6,25584,25583
1306,joy,6,,
1309,jeremiah,25,30248,30247
1310,exorcism,37,43656,43655
1311,transhumanism,4,,
1321,sola-gratia,6,30236,30235
1323,tripartite,5,42934,42933
1324,pastor,11,,
1329,racism,16,43205,43204
1330,subsidiarity,3,,
1331,healthcare,10,,
1332,sermon,5,,
1341,punishment,34,26272,26271
1348,elisha,4,42884,42883
1350,witness,5,,
1352,repentance,29,,
1355,oneness-pentecostalism,13,26503,26502
1364,theosis,7,,
1365,seth,5,42928,42927
1372,michael,21,42527,42526
1373,confirmation,26,42968,42967
1378,judgment,64,32729,32728
1380,apostasy,25,42961,42960
1383,lectionary,5,,
1387,ordinances,6,,
1392,vocations,11,,
1395,meaning,12,,
1398,other-religions,29,46286,46285
1400,historical-jesus,62,42901,42900
1403,hail-mary,7,30252,30251
1410,crucifix,11,30242,30241
1416,ark-of-noah,9,30316,30315
1424,ephesians,23,31294,31293
1426,divine-intervention,2,30453,30452
1428,pilate,13,43334,43333
1429,jude,9,42480,42479
1432,hindered-prayer,1,30540,30539
1434,epistles,17,31290,31289
1435,geography,13,,
1436,animals,26,75949,75948
1437,modalism,11,34636,34635
1439,place-of-the-dead,10,42484,42483
1440,malachi,14,30660,30659
1441,eunuchs,3,30666,30665
1443,clothing,18,43089,43088
1444,sinners-prayer,2,30713,30712
1445,2-kings,11,31288,31287
1446,4-living-creatures,1,30774,30773
1447,1-thessalonians,13,31286,31285
1454,non-trinitarian,30,32819,32818
1456,sarah,5,31018,31017
1457,giants,3,45386,45385
1458,word-of-faith,9,,
1459,antinomianism,4,31292,31291
1460,1-kings,23,31424,31423
1462,2-timothy,15,31284,31283
1463,ordination,17,,
1468,fellowship,2,31282,31281
1470,holiness,6,,
1471,wesleyanism,3,,
1472,titus,5,31422,31421
1474,sabbath-year,2,,
1475,jubilee,8,43275,43274
1481,666,5,31569,31568
1482,nations,4,,
1483,heretic,2,31565,31564
1484,papal-execution,3,31567,31566
1485,jasher,3,31648,31647
1486,joshua,14,31601,31600
1487,absalom,1,31646,31645
1489,2-peter,11,31840,31839
1490,ecclesiastes,8,31842,31841
1501,asia,5,45368,45367
1507,deuteronomy,28,43304,43303
1517,curses,16,,
1519,watchman-nee,2,,
1520,assumption-of-mary,15,43647,43646
1523,metaphor,6,,
1530,pacifism,10,32827,32826
1531,just-war-theory,5,32834,32833
1533,canonization,32,42555,42554
1539,rosicrucianism,2,,
1541,serpent,8,,
1543,limited-atonement,17,42832,42831
1550,1-nephi,5,42826,42825
1551,gap-theory,3,42878,42877
1552,origen,13,42675,42674
1554,names-of-god,87,45979,45978
1556,book-of-judges,13,42523,42522
1567,prosperity-gospel,12,34630,34629
1568,excommunication,25,42545,42544
1576,sacred-deposit-of-faith,6,,
1578,1-corinthians,93,42429,42428
1579,2-corinthians,21,43454,43453
1585,biblical-languages,11,,
1586,women-priests,14,,
1587,adelphopoiesis,2,,
1597,omniprescence,7,43391,43390
1598,lying,11,43847,43846
1599,saul,13,42498,42497
1601,occult,7,,
1603,halloween,3,45388,45387
1608,joel,2,43890,43889
1609,aaronic-priesthood,11,,
1610,book-of-james,20,42738,42737
1613,papal-magisterium,15,41415,41414
1614,antichrist,20,43460,43459
1615,beast,7,,
1619,messianic-judaism,13,34456,34455
1623,pope-francis,42,42736,42735
1626,lgbt,2,34530,34529
1627,church-magisterium,11,,
1631,words-of-jesus,95,42464,42463
1640,1-john,23,42587,42586
1655,church-hierarchy,24,,
1664,vatican-ii,17,42681,42680
1671,1-timothy,28,42472,42471
1673,wise-men,7,43399,43398
1674,second-coming,33,42500,42499
1678,knowledge,10,,
1685,papal-bull,4,,
1698,2-thessalonians,5,42830,42829
1699,kingdom-of-heaven,11,,
1701,melchizedek,8,42504,42503
1704,missionary,7,45418,45417
1711,thomas-more,3,75935,75934
1719,deism,4,,
1722,liturgical-calendar,27,,
1725,extra-terrestrial-life,14,43081,43080
1729,word-of-god,10,,
1733,ruth,7,42834,42833
1734,2-chronicles,6,43660,43659
1736,tomb-of-jesus,9,,
1738,buddhism,7,42880,42879
1742,resource-request,76,46365,46364
1744,tullian-tchividjian,3,42882,42881
1746,anselm,2,42683,42682
1748,sign-of-the-cross,15,,
1750,same-sex-marriage,12,36660,36659
1751,human-rights,8,,
1752,coptic,7,42589,42588
1753,nasb,2,42838,42837
1755,isaac,4,43853,43852
1756,promises,4,45428,45427
1758,book-of-enoch,9,43458,43457
1762,visions,10,53715,53714
1764,birth-of-jesus,63,,
1773,assurance-of-salvation,34,42972,42971
1776,nephilim,6,42828,42827
1777,nestorianism,7,42932,42931
1778,pietism,1,42704,42703
1779,truth,18,38531,38530
1785,elohim,3,45380,45379
1788,ignatius-of-antioch,6,42658,42657
1789,mary-magdalene,8,43344,43343
1790,pelagianism,7,42606,42605
1795,restoration,3,45432,45431
1798,bible-reading,9,44734,44733
1802,good-friday,14,75941,75940
1804,economics,8,,
1806,persons-of-the-trinity,84,54158,54157
1811,eternity,10,,
1812,nkjv,4,43886,43885
1813,canada,4,,
1820,erasmus,4,,
1821,counter-reformation,5,66597,66596
1822,servants,3,,
1823,thomas-apostle,18,43279,43278
1825,resurrection-of-jesus,73,43393,43392
1826,tertullian,12,42702,42701
1829,swedenborg,22,40079,40078
1836,nrsv,4,42677,42676
1843,emotions,15,,
1846,penal-substitution,23,42592,42591
1848,drugs,13,,
1849,materialism,2,,
1850,gospel-of-thomas,8,59890,59889
1854,feasts,26,75806,75805
1857,inheritance,2,45390,45389
1858,demon-possession,19,55389,55388
1861,inclusivism,2,41423,41422
1862,premillennialism,34,42466,42465
1863,amillennialism,8,42637,42636
1865,leprosy,3,,
1866,jewish-culture,19,,
1871,systematic-theology,23,41757,41756
1872,canon-lawyer,2,,
1873,demographics,20,,
1877,irresistible-grace,7,,
1880,unitarianism,16,55037,55036
1881,oriental-orthodox,29,42193,42192
1882,thaddeus,1,42509,42508
1883,bartholomew,2,,
1884,brazil,1,45374,45373
1886,chronology,64,42280,42279
1889,panentheism,3,,
1890,laity,4,,
1891,adoption,6,45364,45363
1892,1-chronicles,6,43658,43657
1893,ken-ham,2,43681,43680
1894,original-guilt,8,43914,43913
1895,jonathan-edwards,6,42700,42699
1896,james-apostle,9,42337,42336
1897,conscience,10,,
1898,jesus-christ-superstar,3,42936,42935
1899,james-brother-of-jesus,7,42339,42338
1900,matthew-henry,3,42836,42835
1901,council-of-jerusalem,5,,
1902,colossians,20,43888,43887
1905,benedict-xvi,16,43286,43285
1906,john-milton,1,43683,43682
1907,samuel,5,42608,42607
1909,john-paul-ii,18,42525,42524
1911,judging-others,8,43824,43823
1913,disabilities,4,43740,43739
1915,nakedness,7,43738,43737
1917,dominion-theology,4,,
1918,latin-america,5,45416,45415
1920,civil-government,115,45529,45528
1922,nehemiah,5,43876,43875
1923,christ-myth-hypothesis,3,43845,43844
1925,pius-xii,3,75943,75942
1928,christian-science,2,43679,43678
1929,messianic-secret,11,43207,43206
1931,vicar,2,,
1932,redemption,9,,
1933,leo-xiii,2,75939,75938
1934,encyclicals,16,43677,43676
1936,witchcraft,12,,
1937,deception,11,43736,43735
1938,karl-barth,3,43300,43299
1939,unforgivable-sin,11,43281,43280
1941,suffering-servant,5,43248,43247
1942,internet,13,45392,45391
1943,literary-criticism,5,44379,44378
1944,disease,7,,
1945,liberal-christianity,7,43456,43455
1946,sadducees,3,43580,43579
1947,presuppositionalism,2,43323,43322
1948,germany,9,45384,45383
1949,mark,9,43366,43365
1950,pharisees,17,43578,43577
1951,vatican-city,3,,
1952,latin,29,43641,43640
1954,george-muller,1,43884,43883
1955,prayer-book,6,,
1960,pride,3,,
1965,resurrection-body,36,44407,44406
1966,rc-sproul,3,43882,43881
1968,tolkien,3,,
1971,john-piper,2,45394,45393
1974,providence,10,44999,44998
1975,nt-wright,4,44997,44996
1980,matthias,3,44156,44155
1981,mythology,5,,
1982,the-beloved-disciple,3,44149,44148
1984,tree-of-life,7,45159,45158
1986,philippians,13,,
1988,preterism,16,44888,44887
1989,abusive-relationships,6,44281,44280
1992,altar,7,45366,45365
1995,europe,5,45356,45355
1996,africa,2,45362,45361
1998,ransom-theory,2,,
1999,john-chrysostom,4,,
2001,existence-of-god,14,,
2002,inquisition,5,,
2004,idealism,1,44677,44676
2005,isaac-of-troki,2,44701,44700
2012,passion-of-jesus,35,44802,44801
2013,ancient-egypt,11,,
2014,session-of-christ,2,44851,44850
2019,tabernacle,11,45353,45352
2020,brigham-young,1,44995,44994
2023,signs,8,45527,45526
2025,carm,1,45097,45096
2028,asv,3,45157,45156
2031,niv,14,45350,45349
2038,word-of-wisdom,8,46032,46031
2039,wrath-of-god,10,,
2040,western-christianity,5,,
2041,immutability,5,,
2042,middle-east,5,,
2043,propitiation,3,,
2049,ravi-zacharias,2,,
2057,esther,4,,
2058,verse-identification,24,68540,68539
2060,hinduism,7,,
2064,supernatural,9,,
2065,molinism,5,46268,46267
2075,ezra,3,,
2078,hosea,2,,
2080,obadiah,3,,
2083,the-glory-be,3,,
2086,korea,4,75951,75950
2092,malachy,4,75967,75966
2093,throne-of-god,5,,
2099,herod,8,,
2106,athanasian-creed,12,,
2107,entertainment,5,,
2111,bonhoeffer,6,75146,75145
2118,deacons,9,,
2122,jesus-name-baptism,4,47402,47401
2123,footwashing,9,47888,47887
2124,sun,1,47747,47746
2127,kjv-onlyism,13,59827,59826
2128,jc-ryle,1,47886,47885
2130,ambrose,4,75969,75968
2142,penance,9,,
2150,sacramentals,11,48663,48662
2154,folk-christianity,2,,
2155,babel,6,,
2159,salvation-army,2,,
2162,sinai,2,,
2163,tripartite-law-division,6,,
2167,john-wycliffe,4,,
2168,anabaptism,7,,
2172,trichotomism,6,,
2173,dichotomism,3,,
2174,consubstantiation,7,,
2181,2-maccabees,1,54241,54240
2182,justin-martyr,8,54375,54374
2183,marcion,4,,
2186,bart-ehrman,2,,
2188,exclusive-psalmody,2,,
2189,zwingli,8,,
2190,mortal-sin,14,,
2194,waldensians,3,,
2197,galileo,2,75923,75922
2200,stephen,3,75963,75962
2203,holiness-movement,3,,
2209,jansenism,5,53547,53546
2215,life-of-jesus,771,67572,67571
2216,chalcedonian-definition,15,66376,66375
2219,geocentrism,2,,
2220,ireland,1,54239,54238
2224,episcopal,5,,
2226,santa-claus,1,54237,54236
2228,british-israelism,2,54206,54205
2230,free-grace-theology,3,,
2232,privacy,3,,
2234,virgin-birth,7,64255,64254
2235,catharism,4,54538,54537
2236,clarity-of-scripture,6,,
2245,divine-simplicity,6,,
2246,eastern-catholicism,19,,
2247,liturgical-rite,9,,
2251,logos,5,,
2254,open-theism,5,77889,77888
2258,anglican-ordinariate,4,69290,69289
2259,missal,3,,
2261,god-the-father,12,,
2266,extraordinary-ministers,6,,
2271,articles-of-religion,3,,
2272,historiography,3,,
2277,sirach,5,55727,55726
2285,image-of-god,8,,
2287,supralapsarianism,2,,
2292,medieval-church,70,56289,56288
2295,russia,5,,
2296,identify-this,13,68538,68537
2297,nahum,2,,
2304,zechariah,4,60345,60344
2306,patriarchs,2,,
2309,dialogue-with-trypho,2,,
2310,2-nephi,3,,
2318,samson,2,59888,59887
2323,cleanliness,3,60347,60346
2336,impassibility,4,,
2339,state-of-grace,5,,
2347,recapitulation-theory,1,59428,59427
2355,holy-family,3,,
2356,protoevangelium-of-james,3,59775,59774
2361,antipope,2,59878,59877
2362,1-maccabees,3,59913,59912
2363,church-of-the-nazarene,1,59964,59963
2374,eastern-lightning,1,60488,60487
2379,biblical-theology,9,62861,62860
2387,beatitudes,4,,
2389,cats,2,,
2390,masoretic-text,4,,
2391,china,8,,
2397,magi,10,,
2398,epiphany,1,75768,75767
2405,maximilian-kolbe,3,,
2406,theological-virtues,5,,
2408,holy,6,,
2412,limbo,4,,
2419,chrestomathy-request,2,,
2420,marks-of-the-church,3,62413,62412
2424,christadelphians,3,,
2430,paleography,1,62828,62827
2433,turkey,2,72311,72310
2434,pseudepigrapha,4,,
2442,intersex,1,63454,63453
2444,lay-ministry,4,,
2447,offering,3,64290,64289
2449,virginity,9,64253,64252
2452,charism,1,64261,64260
2455,three-self-patriotic-movement,1,64247,64246
2459,lazarus,1,64259,64258
2467,imprimatur,3,64269,64268
2468,assemblies-of-god,1,64243,64242
2469,referent-identification,5,64263,64262
2470,replacement-theology,1,64271,64270
2471,essence-energies,2,64267,64266
2474,singleness,4,,
2475,christian-identity-movement,2,64307,64306
2477,passion,2,,
2480,accommodation,2,,
2483,baptism-of-jesus,2,,
2485,name,10,,
2492,sedevacantism,2,,
2493,administration,1,66093,66092
2497,etymology,4,,
2500,clement-of-alexandria,3,66788,66787
2503,john-knox,2,,
2507,weddings,2,,
2510,clement-of-rome,3,66786,66785
2517,technology,7,,
2520,versification,2,,
2526,advent,2,78140,78139
2527,denomination-survey,199,67390,67389
2528,denomination,18,67388,67387
2530,rubrics,11,,
2535,holy-water,4,75862,75861
2536,paedobaptism,4,,
2543,book-of-life,3,,
2545,new-covenant,12,,
2550,dogma,10,75947,75946
2551,body-of-christ,4,,
2553,maronite-church,1,68626,68625
2554,statues,5,,
2555,eucharistic-adoration,7,,
2557,antioch,3,,
2570,thomas-merton,2,75937,75936
2572,religious-life,6,,
2573,spiritual-theology,4,,
2575,incorruptibility,5,,
2580,patron-saints,9,,
2586,pontius-pilate,3,75957,75956
2590,outer-space,2,,
2592,abstinence,2,,
2596,manna,1,72338,72337
2604,ordinary-form-of-the-mass,14,,
2605,extraordinary-form-of-the-mass,13,72317,72316
2606,life,3,,
2610,dubia-cardinals,3,75868,75867
2617,transgender,9,,
2618,garden-of-eden,6,,
2625,novenas,3,75860,75859
2628,beatification,3,,
2631,christian-mortalism,6,,
2632,local-churches,4,74264,74263
2635,hanukkah,2,75873,75872
2639,covenant-of-grace,3,,
2640,oliver-cromwell,1,75856,75855
2642,tattoos,3,,
2645,basilica,1,75953,75952
2650,dna,1,75810,75809
2651,union-with-christ,4,,
2656,damascus,1,75808,75807
2660,nazareth,1,75925,75924
2661,pope-paul-vi,1,75945,75944
2663,irenaeus,2,75773,75772
2665,knights-of-columbus,1,75766,75765
2667,fulton-sheen,2,75870,75869
2668,ellen-g-white,1,75921,75920
2669,philippines,3,80512,80511
2670,father,2,,
2672,french-revolution,1,75793,75792
2675,st.-nicholas,2,75802,75801
2678,real-presence,2,,
2679,philomena,1,75980,75979
2682,holy-innocents,3,,
2689,black-plague,2,,
2692,synoptic-problem,2,,
2696,covid-19,11,,
2701,mass-intentions,2,,
2702,quran,3,,
2712,prima-scriptura,3,,
2716,apostolic-fathers,5,78090,78089
2723,narnia,1,78204,78203
2724,sex-acts,6,,
2725,premarital-sex,3,,
2727,masturbation,4,,
2728,hagiography,15,78246,78245
2729,sainthood,3,78653,78652
2731,arius,3,,
2737,church-council,2,,
2739,printing-press,2,,
2740,method-in-theology,1,78318,78317
2747,creed,2,,
2748,miaphysitism,3,78459,78458
2754,judgement,2,,
2756,ceremonies,2,,
2759,communion-hosts,2,,
2761,stigmata,2,,
2762,testimony,2,,
2766,witnessing,2,,
2767,traditional-latin-mass,1,,
2768,origins,2,,
2769,quartodecimanism,1,,
2770,polycarp,1,,
2772,jokes,2,,
2775,flag,1,,
2776,candles,1,,
2778,inglesia-ni-cristo,1,,
2783,medication,2,,
2784,cathedrals,1,,
2785,fratelli-tutti,1,,
2787,meaning-of-life,1,,
2791,judges,1,,
2799,trunk-or-treat,1,,
2802,hagar,1,,
2805,false-teachers,1,,
2806,francis-of-assisi,1,,
2808,martin-luther-king-jr,3,,
2809,assyria,1,,
2810,judah,1,,
2811,christian-culture,1,,
2812,andrew-wommack,1,,
2813,prostration,2,,
2814,pictures,1,,
2815,jehovah,1,,
2816,witnesses,1,,
2820,vaccines,3,,
2823,sibyls,2,,
2824,sins-of-omission,1,,
2826,deaconess,1,,
2827,taize,1,,
2829,last-supper,1,,
2830,usury,1,,
2831,laicization,1,,
2832,cult,1,,
2833,acolyte,2,,
2834,lector,2,,
2835,minor-orders,1,,
2836,marital,1,,
2837,papal-states,1,,
2838,distraction,1,,
2839,novena,1,,
2841,sacrilege,1,,
2842,george-macdonald,1,,
2843,mary-of-bethany,1,,
2844,protoevangelium,1,,
2845,gideon,1,,
2846,continuationism,1,,
2847,binitarian,5,,
2849,life-circumstances,1,,
2850,cryptocurrency,1,,
2851,clerical-abuse,0,,
2852,ontological-economic-trinity,1,,
2854,canons-of-dort,1,,
